Nuovo,Categoria,Data_Aggiunta,Copertina,Titolo,Autore,Editore,Descrizione,Link
False,Novità,2026-03-29,https://products-images.di-static.com/image/talhouet-helene-de-matisse/9782073145581-200x303-1.webp,Matisse,Hélène de Talhouët,Gallimard,,https://www.decitre.fr/livres/matisse-9782073145581.html
False,Novità,2026-03-29,https://products-images.di-static.com/image/lambert-stephane-monet/9782073145574-200x303-1.webp,Monet,Stéphane Lambert,Gallimard,,https://www.decitre.fr/livres/monet-9782073145574.html
False,Novità,2026-03-29,https://products-images.di-static.com/image/poncet-capucine-rene-magritte/9782073145598-200x303-1.webp,René Magritte,Capucine Poncet,Gallimard,,https://www.decitre.fr/livres/rene-magritte-9782073145598.html
False,Novità,2026-03-29,https://products-images.di-static.com/image/mare-alexandre-man-ray/9782073145604-200x303-1.webp,Man Ray,Alexandre Mare,Gallimard,,https://www.decitre.fr/livres/man-ray-9782073145604.html
False,Novità,2026-03-29,https://products-images.di-static.com/image/gassiat-quentin-levallet/9782073153173-200x303-1.webp,Levallet. Le collage et son double,Quentin Gassiat,Alternatives,,https://www.decitre.fr/livres/levallet-9782073153173.html
False,Novità,2026-03-29,https://products-images.di-static.com/image/molinie-william-dernier-recours/9782372544634-200x303-1.webp,Dernier recours. Enquête sur l'affaire Nahel,William Molinié,Mareuil éditions,,https://www.decitre.fr/livres/dernier-recours-9782372544634.html
False,Novità,2026-03-29,https://products-images.di-static.com/image/kalika-arnaud-securite-le-metier-du-futur/9782204173933-200x303-1.webp,"Sécurité, le métier du futur",Arnaud Kalika,Cerf,,https://www.decitre.fr/livres/securite-le-metier-du-futur-9782204173933.html
False,Novità,2026-03-29,https://products-images.di-static.com/image/coudurier-hubert-le-mystere-marine-le-pen/9782259320832-200x303-1.webp,Le mystère Marine Le Pen,Hubert Coudurier,Plon,,https://www.decitre.fr/livres/le-mystere-marine-le-pen-9782259320832.html
False,Novità,2026-03-29,https://products-images.di-static.com/image/izard-eugenie-ces-enfants-qu-on-maltraite/9782259324717-200x303-1.webp,Ces enfants qu'on maltraite. La pédopsychiatre qu'on a voulu faire taire,Eugénie Izard,Plon,,https://www.decitre.fr/livres/ces-enfants-qu-on-maltraite-9782259324717.html
False,Novità,2026-03-29,https://products-images.di-static.com/image/turknett-josh-a-vous-de-jouer-la-methode-scientifique-pour-apprendre-facilement-la-musique-a-tout-age/9782889157488-200x303-1.webp,A vous de jouer !. La méthode scientifique pour apprendre facilement la musique à tout âge,Josh Turknett,Editions 41,,https://www.decitre.fr/livres/a-vous-de-jouer-la-methode-scientifique-pour-apprendre-facilement-la-musique-a-tout-age-9782889157488.html
False,Novità,2026-03-29,https://products-images.di-static.com/image/hachette-connaissance-des-arts/9782487762848-200x303-1.webp,Connaissance des arts. Hors-série N° 1153Les trésors de la France à Rome. Les Pieux établissements,Guy Boyer,Connaissance des arts,,https://www.decitre.fr/revues/connaissance-des-arts-9782487762848.html
False,Novità,2026-03-29,https://products-images.di-static.com/image/flammarion-sa-ud-le-1-xl-printemps-2026-le-petit-prince-fete-ses-80-ans/9782386242779-200x303-1.webp,Le 1 XL Printemps 2026Le petit Prince fête ses 80 ans,Lou Héliot,Le 1,N/D,https://www.decitre.fr/revues/le-1-xl-printemps-2026-le-petit-prince-fete-ses-80-ans-9782386242779.html
False,Novità,2026-03-29,https://products-images.di-static.com/image/hachette-connaissance-des-arts/9782487762893-200x303-1.webp,Connaissance des arts. Hors-série N° 1152Matisse 1941-1954,Lucie Agache,Connaissance des arts,,https://www.decitre.fr/revues/connaissance-des-arts-9782487762893.html
False,Novità,2026-03-29,https://products-images.di-static.com/image/lallement-pauline-jurassic-fric/9782080466921-200x303-1.webp,Jurassic Fric. La nouvelle ruée vers l'or,Pauline Lallement,Flammarion,,https://www.decitre.fr/livres/jurassic-fric-9782080466921.html
False,Novità,2026-03-29,https://products-images.di-static.com/image/jeudy-ballini-monique-peintres-de-l-ombre/9788869765117-200x303-1.webp,Peintres de l'ombre. Les faussaires à l'oeuvre,Monique Jeudy-Ballini,Mimesis,,https://www.decitre.fr/livres/peintres-de-l-ombre-9788869765117.html
False,Novità,2026-03-29,https://products-images.di-static.com/image/jarfer-laurent-deposition/9782957950096-200x303-1.webp,Déposition. Les derniers mots de Francis Bacon,Laurent Jarfer,Sans soleil,,https://www.decitre.fr/livres/deposition-9782957950096.html
False,Novità,2026-03-29,https://products-images.di-static.com/image/pozzuoli-alain-le-vampire-arc-en-ciel/9791097309831-200x303-1.webp,Le Vampire arc-en-ciel. Les vampires queer en littérature et au cinéma,Alain Pozzuoli,Rouge profond,,https://www.decitre.fr/livres/le-vampire-arc-en-ciel-9791097309831.html
False,Novità,2026-03-29,https://products-images.di-static.com/image/hammen-emilie-l-idee-de-mode/9782494983427-200x303-1.webp,"L'idée de mode. Tome 2, Un devenir-art",Emilie Hammen,B42,,https://www.decitre.fr/livres/l-idee-de-mode-9782494983427.html
False,Novità,2026-03-29,https://products-images.di-static.com/image/hess-megan-yves-saint-laurent/9791029511301-200x303-1.webp,Yves Saint Laurent. Carnet d'une icône de la mode,Megan Hess,L'Imprévu (Editions de),,https://www.decitre.fr/livres/yves-saint-laurent-9791029511301.html
False,Novità,2026-03-29,https://products-images.di-static.com/image/hess-megan-hubert-de-givenchy/9791029511318-200x303-1.webp,Hubert de Givenchy,Megan Hess,L'Imprévu (Editions de),,https://www.decitre.fr/livres/hubert-de-givenchy-9791029511318.html
False,Novità,2026-03-29,https://products-images.di-static.com/image/yifu-he-voyage-d-un-peintre-chinois-dans-les-alpes/9782737392917-200x303-1.webp,Voyage d'un peintre chinois dans les Alpes,He Yifu,Ouest-France,,https://www.decitre.fr/livres/voyage-d-un-peintre-chinois-dans-les-alpes-9782737392917.html
False,Novità,2026-03-29,https://products-images.di-static.com/image/basquin-alexandre-numerique-stop-a-l-exploitation-itineraire-d-un-senateur-communiste-dans-le-monde-des-big-tech/9782370713339-200x303-1.webp,Numérique : Stop à l'exploitation !. Itinéraire d'un sénateur communiste dans le monde des Big Tech,Alexandre Basquin,Temps des Cerises (Le),,https://www.decitre.fr/livres/numerique-stop-a-l-exploitation-itineraire-d-un-senateur-communiste-dans-le-monde-des-big-tech-9782370713339.html
False,Novità,2026-03-29,https://products-images.di-static.com/image/hernandez-cedric-kpop-demon-hunters/9782919708680-200x303-1.webp,KPop Demon Hunters. Trouver sa voix,Cédric Hernandez,Popcorn,,https://www.decitre.fr/livres/kpop-demon-hunters-9782919708680.html
False,Novità,2026-03-29,https://products-images.di-static.com/image/bourre-jean-paul-michael-jackson/9782841007851-200x303-1.webp,Michael Jackson. Le mythe,Jean-Paul Bourre,Bartillat,,https://www.decitre.fr/livres/michael-jackson-9782841007851.html
False,Novità,2026-03-29,https://products-images.di-static.com/image/onirina-lantou-bts/9782919708604-200x303-1.webp,BTS. De l'ombre à la lumière,Lantou Onirina,Popcorn,,https://www.decitre.fr/livres/bts-9782919708604.html
False,Novità,2026-03-29,https://products-images.di-static.com/image/chamboncel-lea-a-qui-profite-la-lutte/9782714405333-200x303-1.webp,A qui profite la lutte ?,Léa Chamboncel,Belfond,,https://www.decitre.fr/livres/a-qui-profite-la-lutte-9782714405333.html
False,Novità,2026-03-29,https://products-images.di-static.com/image/audureau-william-histoire-mondiale-du-covid/9782370736048-200x303-1.webp,Histoire mondiale du Covid,William Audureau,Allary,,https://www.decitre.fr/livres/histoire-mondiale-du-covid-9782370736048.html
False,Novità,2026-03-29,https://products-images.di-static.com/image/hachette-connaissance-des-arts/9782487762886-200x303-1.webp,Connaissance des arts. Hors-série N° 1156Renoir et l'amour. Renoir dessinateur,Lucie Agache,Connaissance des arts,,https://www.decitre.fr/revues/connaissance-des-arts-9782487762886.html
False,Novità,2026-03-29,https://products-images.di-static.com/image/lambert-kev-cumul-i/9782246843016-200x303-1.webp,Cumul I,Kev Lambert,Grasset,,https://www.decitre.fr/livres/cumul-i-9782246843016.html
False,Novità,2026-03-29,https://products-images.di-static.com/image/the-sixtine-de-le-tout-petit-livre-d-art-des-nympheas/9782812322372-200x303-1.webp,Le tout petit livre d'art des Nymphéas,Sixtine de Thé,Chêne (Editions du),,https://www.decitre.fr/livres/le-tout-petit-livre-d-art-des-nympheas-9782812322372.html
False,Novità,2026-03-29,https://products-images.di-static.com/image/the-sixtine-de-le-tout-petit-livre-d-art-de-frida-kahlo/9782812322396-200x303-1.webp,Le tout petit livre d'art de Frida Kahlo,Sixtine de Thé,Chêne (Editions du),,https://www.decitre.fr/livres/le-tout-petit-livre-d-art-de-frida-kahlo-9782812322396.html
False,Novità,2026-03-29,https://products-images.di-static.com/image/the-sixtine-de-le-tout-petit-livre-d-art-de-henri-matisse/9782812322402-200x303-1.webp,Le tout petit livre d'art de Henri Matisse,Sixtine de Thé,Chêne (Editions du),,https://www.decitre.fr/livres/le-tout-petit-livre-d-art-de-henri-matisse-9782812322402.html
False,Novità,2026-03-29,https://products-images.di-static.com/image/the-sixtine-de-le-tout-petit-livre-d-art-de-vincent-van-gogh/9782812322419-200x303-1.webp,Le tout petit livre d'art de Vincent Van Gogh,Sixtine de Thé,Chêne (Editions du),,https://www.decitre.fr/livres/le-tout-petit-livre-d-art-de-vincent-van-gogh-9782812322419.html
False,Novità,2026-03-29,https://products-images.di-static.com/image/the-sixtine-de-le-tout-petit-livre-d-art-de-henri-rousseau/9782812322389-200x303-1.webp,Le tout petit livre d'art de Henri Rousseau,Sixtine de Thé,Chêne (Editions du),,https://www.decitre.fr/livres/le-tout-petit-livre-d-art-de-henri-rousseau-9782812322389.html
False,Novità,2026-03-29,https://products-images.di-static.com/image/sefrioui-anne-le-douanier-rousseau/9782754118095-200x303-1.webp,Le Douanier Rousseau. L'art en lumière,Anne Sefrioui,Hazan,,https://www.decitre.fr/livres/le-douanier-rousseau-9782754118095.html
False,Novità,2026-03-29,https://products-images.di-static.com/image/the-sixtine-de-le-tout-petit-livre-d-art-de-edvard-munch/9782812322488-200x303-1.webp,Le tout petit livre d'art de Edvard Munch,Sixtine de Thé,Chêne (Editions du),,https://www.decitre.fr/livres/le-tout-petit-livre-d-art-de-edvard-munch-9782812322488.html
False,Bestseller (Pag. 1),2026-03-29,https://products-images.di-static.com/image/sarkozy-nicolas-le-journal-d-un-prisonnier/9782213734699-200x303-1.webp,Le journal d'un prisonnier,Nicolas Sarkozy,Fayard,,https://www.decitre.fr/livres/le-journal-d-un-prisonnier-9782213734699.html
False,Bestseller (Pag. 1),2026-03-29,https://products-images.di-static.com/image/pelicot-gisele-et-la-joie-de-vivre/9782080497260-200x303-1.webp,Et la joie de vivre,Gisèle Pelicot,Flammarion,,https://www.decitre.fr/livres/et-la-joie-de-vivre-9782080497260.html
False,Bestseller (Pag. 1),2026-03-29,https://products-images.di-static.com/image/ruiz-miguel-les-quatre-accords-tolteques/9782889539215-200x303-1.webp,Les Quatre Accords toltèques. La voie de la liberté personnelle,Miguel Ruiz,Jouvence,,https://www.decitre.fr/livres/les-quatre-accords-tolteques-9782889539215.html
False,Bestseller (Pag. 1),2026-03-29,https://products-images.di-static.com/image/bardella-jordan-ce-que-veulent-les-francais/9782213733630-200x303-1.webp,Ce que veulent les Français,Jordan Bardella,Fayard,,https://www.decitre.fr/livres/ce-que-veulent-les-francais-9782213733630.html
False,Bestseller (Pag. 1),2026-03-29,https://products-images.di-static.com/image/zucman-gabriel-les-milliardaires-ne-paient-pas-d-impot-sur-le-revenu-et-nous-allons-y-mettre-fin/9782021538601-200x303-1.webp,Les milliardaires ne paient pas d'impôt sur le revenu et nous allons y mettre fin,Gabriel Zucman,Seuil,,https://www.decitre.fr/livres/les-milliardaires-ne-paient-pas-d-impot-sur-le-revenu-et-nous-allons-y-mettre-fin-9782021538601.html
False,Bestseller (Pag. 1),2026-03-29,https://products-images.di-static.com/image/deutschmann-paul-l-empire/9782080442123-200x303-1.webp,L'empire. Enquête au coeur du rap français,Paul Deutschmann,Flammarion,,https://www.decitre.fr/livres/l-empire-9782080442123.html
False,Bestseller (Pag. 1),2026-03-29,https://products-images.di-static.com/image/villiers-pierre-de-pour-le-succes-des-armes-de-la-france/9782213734231-200x303-1.webp,Pour le succès des armes de la France,Pierre de Villiers,Fayard,,https://www.decitre.fr/livres/pour-le-succes-des-armes-de-la-france-9782213734231.html
False,Bestseller (Pag. 1),2026-03-29,https://products-images.di-static.com/image/despentes-virginie-king-kong-theorie/9782253122111-200x303-1.webp,King Kong Théorie,Virginie Despentes,LGF/Livre de Poche,,https://www.decitre.fr/livres/king-kong-theorie-9782253122111.html
False,Bestseller (Pag. 1),2026-03-29,https://products-images.di-static.com/image/saque-salome-resister/9782228940627-200x303-1.webp,Résisterédition revue et augmentée,Salomé Saqué,Payot,,https://www.decitre.fr/livres/resister-9782228940627.html
False,Bestseller (Pag. 1),2026-03-29,https://products-images.di-static.com/image/lecoq-titiou-les-grandes-oubliees/9782378805142-200x303-1.webp,Les grandes oubliées. Pourquoi l'histoire a effacé les femmes,Titiou Lecoq,Iconoclaste (l'),,https://www.decitre.fr/livres/les-grandes-oubliees-9782378805142.html
False,Bestseller (Pag. 1),2026-03-29,https://products-images.di-static.com/image/burgot-maryse-loin-de-chez-moi/9782213726953-200x303-1.webp,Loin de chez moi. Grand reporter et fille de paysan,Maryse Burgot,Fayard,,https://www.decitre.fr/livres/loin-de-chez-moi-9782253254034.html?sku=9782213726953
False,Bestseller (Pag. 1),2026-03-29,https://products-images.di-static.com/image/campion-etienne-le-president-toxique/9782221277423-200x303-1.webp,Le président toxique. Enquête sur le véritable Emmanuel Macron,Etienne Campion,Robert Laffont,,https://www.decitre.fr/livres/le-president-toxique-9782221277423.html
False,Bestseller (Pag. 1),2026-03-29,https://products-images.di-static.com/image/jardin-alexandre-les-gueux/9782749962412-200x303-1.webp,Les #gueux. On fait quoi ?,Alexandre Jardin,Michel Lafon,,https://www.decitre.fr/livres/les-gueux-9782749962412.html
False,Bestseller (Pag. 1),2026-03-29,https://products-images.di-static.com/image/bardella-jordan-ce-que-je-cherche/9782213731384-200x303-1.webp,Ce que je cherche,Jordan Bardella,Fayard,,https://www.decitre.fr/livres/ce-que-je-cherche-9782213731384.html
False,Bestseller (Pag. 1),2026-03-29,https://products-images.di-static.com/image/homer-karen-little-book-of-dior/9782809919882-200x303-1.webp,Little Book of Dior. L'histoire d'une maison de mode mythique,Karen Homer,Place des Victoires,,https://www.decitre.fr/livres/little-book-of-dior-9782809919882.html
False,Bestseller (Pag. 1),2026-03-29,https://products-images.di-static.com/image/homer-karen-little-book-of-hermes/9782809920178-200x303-1.webp,Little Book of Hermès. L'histoire d'une maison de mode mythique,Karen Homer,Place des Victoires,,https://www.decitre.fr/livres/little-book-of-hermes-9782809920178.html
False,Bestseller (Pag. 1),2026-03-29,https://products-images.di-static.com/image/schlesser-thomas-les-yeux-de-mona/9782226503756-200x303-1.webp,Les yeux de MonaEdition illustrée,Thomas Schlesser,Coédition Albin Michel/BeauxArts...,,https://www.decitre.fr/livres/les-yeux-de-mona-9782226503756.html
False,Bestseller (Pag. 1),2026-03-29,https://products-images.di-static.com/image/verdier-molinie-agnes-face-au-mur/9791032931516-200x303-1.webp,"Face au mur. Dette, désindustrialisation, normes, assistanat, insécurité. Les solutions pour s'en sortir",Agnès Verdier-Molinié,Observatoire (Editions de l'),,https://www.decitre.fr/livres/face-au-mur-9791032931516.html
False,Bestseller (Pag. 1),2026-03-29,https://products-images.di-static.com/image/maupassant-guy-de-bel-ami/9782070409358-200x303-1.webp,Bel-Ami,Guy de Maupassant,Gallimard,,https://www.decitre.fr/livres/bel-ami-9782070409358.html
False,Bestseller (Pag. 1),2026-03-29,https://products-images.di-static.com/image/pastoureau-michel-l-ane/9782021586695-200x303-1.webp,L'Âne. Une histoire culturelle,Michel Pastoureau,Seuil,,https://www.decitre.fr/livres/l-ane-9782021586695.html
False,Bestseller (Pag. 1),2026-03-29,https://products-images.di-static.com/image/marleix-olivier-les-liquidateurs/9782221251874-200x303-1.webp,Les liquidateurs,Olivier Marleix,Robert Laffont,,https://www.decitre.fr/livres/les-liquidateurs-9782221251874.html
False,Bestseller (Pag. 1),2026-03-29,https://products-images.di-static.com/image/bacque-raphaelle-nos-nouveaux-maitres/9782226507570-200x303-1.webp,Nos nouveaux maîtres,Raphaëlle Bacqué,Albin Michel,,https://www.decitre.fr/livres/nos-nouveaux-maitres-9782226507570.html
False,Bestseller (Pag. 1),2026-03-29,https://products-images.di-static.com/image/stemmelen-eric-operation-macron/9782872672189-200x303-1.webp,Opération Macron,Eric Stemmelen,Cerisier,,https://www.decitre.fr/livres/operation-macron-9782872672189.html
False,Bestseller (Pag. 1),2026-03-29,https://products-images.di-static.com/image/dericq-lilian-en-harmonie/9782907891868-200x303-1.webp,En harmonie. Fondements de l'harmonie tonale et modale dans le jazz Tome 1,Lilian Dericq,Outre mesure,N/D,https://www.decitre.fr/livres/en-harmonie-9782907891868.html
False,Bestseller (Pag. 1),2026-03-29,https://products-images.di-static.com/image/munier-vincent-le-chant-des-forets/9791096728060-200x303-1.webp,Le chant des forêts,Vincent Munier,Kobalann,,https://www.decitre.fr/livres/le-chant-des-forets-9791096728060.html
False,Bestseller (Pag. 1),2026-03-29,https://products-images.di-static.com/image/mhalla-asma-technopolitique/9791041421619-200x303-1.webp,Technopolitique. Comment la technologie fait de nous des soldats,Asma Mhalla,Points,,https://www.decitre.fr/livres/technopolitique-9791041421619.html
False,Bestseller (Pag. 1),2026-03-29,https://products-images.di-static.com/image/finchelstein-gilles-la-democratie-a-l-etat-gazeux/9782080439147-200x303-1.webp,La démocratie à l'état gazeux. Une histoire politique 1945-2025,Gilles Finchelstein,Flammarion,,https://www.decitre.fr/livres/la-democratie-a-l-etat-gazeux-9782080439147.html
False,Bestseller (Pag. 1),2026-03-29,https://products-images.di-static.com/image/bauer-alain-trump-le-pouvoir-des-mots/9782412106846-200x303-1.webp,"Trump, le pouvoir des mots",Alain Bauer,First,,https://www.decitre.fr/livres/trump-le-pouvoir-des-mots-9782412106846.html
False,Bestseller (Pag. 1),2026-03-29,https://products-images.di-static.com/image/lafon-lola-quand-tu-ecouteras-cette-chanson/9782253245209-200x303-1.webp,Quand tu écouteras cette chanson,Lola Lafon,LGF/Livre de Poche,,https://www.decitre.fr/livres/quand-tu-ecouteras-cette-chanson-9782253245209.html
False,Bestseller (Pag. 1),2026-03-29,https://products-images.di-static.com/image/adimi-kaouther-la-joie-ennemie/9782234086470-200x303-1.webp,La joie ennemie,Kaouther Adimi,Stock,,https://www.decitre.fr/livres/la-joie-ennemie-9782234086470.html
False,Bestseller (Pag. 1),2026-03-29,https://products-images.di-static.com/image/lagaf-vincent-je-m-appelais-franck/9782266340755-200x303-1.webp,Je m'appelais Franck,Vincent Lagaf',Pocket,,https://www.decitre.fr/livres/je-m-appelais-franck-9782266340755.html
False,Bestseller (Pag. 1),2026-03-29,https://products-images.di-static.com/image/stromquist-liv-les-sentiments-du-prince-charles/9782878271980-200x303-1.webp,Les sentiments du prince Charles,Liv Strömquist,Rackham,N/D,https://www.decitre.fr/livres/les-sentiments-du-prince-charles-9782878271980.html
False,Bestseller (Pag. 1),2026-03-29,https://products-images.di-static.com/image/anton-melissa-mel-fernande/9782213734415-200x303-1.webp,"Mel & Fernande. En la regardant vieillir, j'ai appris à vivre",Mélissa Anton,Fayard,,https://www.decitre.fr/livres/mel-fernande-9782213734415.html
False,Bestseller (Pag. 1),2026-03-29,https://products-images.di-static.com/image/masala-carlo-la-guerre-d-apres/9782246844266-200x303-1.webp,La guerre d'après. La Russie face à l'Occident,Carlo Masala,Grasset,,https://www.decitre.fr/livres/la-guerre-d-apres-9782246844266.html
False,Bestseller (Pag. 1),2026-03-29,https://products-images.di-static.com/image/harris-steve-iron-maiden/9782812322181-200x303-1.webp,Iron Maiden. Infinite Dreams,Steve Harris,Chêne (Editions du),,https://www.decitre.fr/livres/iron-maiden-9782812322181.html
False,Bestseller (Pag. 1),2026-03-29,https://products-images.di-static.com/image/fry-stephen-mythos/9782253941231-200x303-1.webp,Mythos,Stephen Fry,LGF/Livre de Poche,,https://www.decitre.fr/livres/mythos-9782253941231.html
False,Bestseller (Pag. 2),2026-03-29,https://products-images.di-static.com/image/gave-charles-les-mondes-de-demain/9782364453197-200x303-1.webp,Les mondes de demain. Les vingt prochaines années décryptées par Charles Gave,Charles Gave,Pierre de Taillac,,https://www.decitre.fr/livres/les-mondes-de-demain-9782364453197.html
False,Bestseller (Pag. 2),2026-03-29,https://products-images.di-static.com/image/leon-jean-baptiste-le-livre-noir-de-l-argent-public/9791042902971-200x303-1.webp,Le livre noir de l'argent public,Jean-Baptiste Leon,Hugo et Compagnie,,https://www.decitre.fr/livres/le-livre-noir-de-l-argent-public-9791042902971.html
False,Bestseller (Pag. 2),2026-03-29,https://products-images.di-static.com/image/stromquist-liv-la-rose-la-plus-rouge-s-epanouit/9782878272352-200x303-1.webp,La rose la plus rouge s'épanouit,Liv Strömquist,Rackham,,https://www.decitre.fr/livres/la-rose-la-plus-rouge-s-epanouit-9782878272352.html
False,Bestseller (Pag. 2),2026-03-29,https://products-images.di-static.com/image/parr-martin-completement-paresseux-et-etourdi/9782749962337-200x303-1.webp,Complètement paresseux et étourdi,Martin Parr,Michel Lafon,,https://www.decitre.fr/livres/completement-paresseux-et-etourdi-9782749962337.html
False,Bestseller (Pag. 2),2026-03-29,https://products-images.di-static.com/image/dericq-lilian-en-harmonie/9782907891875-200x303-1.webp,En harmonie. Fondements de l'harmonie tonale et modale dans le jazz Tome 2,Lilian Dericq,Outre mesure,N/D,https://www.decitre.fr/livres/en-harmonie-9782907891875.html
False,Bestseller (Pag. 2),2026-03-29,https://products-images.di-static.com/image/hopkins-anthony-on-s-en-est-pas-trop-mal-sorti-petit/9782080480262-200x303-1.webp,"On s'en est pas trop mal sorti, petit. Mémoires",Anthony Hopkins,Flammarion,,https://www.decitre.fr/livres/on-s-en-est-pas-trop-mal-sorti-petit-9782080480262.html
False,Bestseller (Pag. 2),2026-03-29,https://products-images.di-static.com/image/flammarion-sa-ud-le-1-xl-dune/9782377153701-200x303-1.webp,Le 1 XLDune. Les leçons d'un mythe,Julien Bisson,Le 1,,https://www.decitre.fr/revues/le-1-xl-dune-9782377153701.html
False,Bestseller (Pag. 2),2026-03-29,https://products-images.di-static.com/image/cassin-barbara-la-guerre-des-mots/9782080509925-200x303-1.webp,"La Guerre des mots. Trump, Poutine et l'Europe",Barbara Cassin,Flammarion,,https://www.decitre.fr/livres/la-guerre-des-mots-9782080509925.html
False,Bestseller (Pag. 2),2026-03-29,https://products-images.di-static.com/image/oberle-thierry-mohammed-vi/9782080436382-200x303-1.webp,Mohammed VI. Le mystère,Thierry Oberlé,Flammarion,,https://www.decitre.fr/livres/mohammed-vi-9782080436382.html
False,Bestseller (Pag. 2),2026-03-29,https://products-images.di-static.com/image/stromquist-liv-l-origine-du-monde/9782878271973-200x303-1.webp,L'origine du monde,Liv Strömquist,Rackham,N/D,https://www.decitre.fr/livres/l-origine-du-monde-9782878271973.html
False,Bestseller (Pag. 2),2026-03-29,https://products-images.di-static.com/image/ernaux-annie-les-annees/9782073129246-200x303-1.webp,Les années,Annie Ernaux,Folio,,https://www.decitre.fr/livres/les-annees-9782073129246.html
False,Bestseller (Pag. 2),2026-03-29,https://products-images.di-static.com/image/palmero-claude-monaco-interdit/9782380946376-200x303-1.webp,Monaco interdit. Main basse sur la Principauté,Claude Palmero,Nouveau monde,,https://www.decitre.fr/livres/monaco-interdit-9782380946376.html
False,Bestseller (Pag. 2),2026-03-29,https://products-images.di-static.com/image/dubuisson-cecile-on-n-est-pas-sortis-de-l-auberge/9782213733609-200x303-1.webp,On n'est pas sortis de l'auberge !,Cécile Dubuisson,Fayard,,https://www.decitre.fr/livres/on-n-est-pas-sortis-de-l-auberge-9782213733609.html
False,Bestseller (Pag. 2),2026-03-29,https://products-images.di-static.com/image/wolf-naomi-pfizer-papers/9782874342509-200x303-1.webp,Pfizer papers. Les crimes de Pfizer contre l'humanité,Naomi Wolf,Marco Pietteur,,https://www.decitre.fr/livres/pfizer-papers-9782874342509.html
False,Bestseller (Pag. 2),2026-03-29,https://products-images.di-static.com/image/lecoq-titiou-les-femmes-aussi-ont-fait-l-histoire/9791037509734-200x303-1.webp,Les Femmes aussi ont fait l'Histoire,Titiou Lecoq,Les arènes jeunesse,,https://www.decitre.fr/livres/les-femmes-aussi-ont-fait-l-histoire-9791037509734.html
False,Bestseller (Pag. 2),2026-03-29,https://products-images.di-static.com/image/plottu-pierre-pop-fascisme/9791097088743-200x303-1.webp,Pop fascisme. Comment l'extrême droite a gagné la bataille culturelle en ligne,Pierre Plottu,Divergences (Editions),,https://www.decitre.fr/livres/pop-fascisme-9791097088743.html
False,Bestseller (Pag. 2),2026-03-29,https://products-images.di-static.com/image/wood-daisy-la-bibliothecaire-de-windsor/9782266356411-200x303-1.webp,La bibliothécaire de Windsor,Daisy Wood,Pocket,,https://www.decitre.fr/livres/la-bibliothecaire-de-windsor-9782266356411.html
False,Bestseller (Pag. 2),2026-03-29,https://products-images.di-static.com/image/hexamusic-methode-de-piano-debutants/9790230952262-200x303-1.webp,Méthode de piano débutants,Charles Hervé,Nombre de pages 86 Poids 0.325 kg ISBN 979-0-2309-5226-2 EAN 9790230952262  Henry Lemoine Illustrateur Jean-Noël Rochut Voir plus d’informations,N/D,https://www.decitre.fr/partition/methode-de-piano-debutants-9790230952262.html
False,Bestseller (Pag. 2),2026-03-29,https://products-images.di-static.com/image/razavi-emmanuel-la-face-cachee-des-mollahs/9782204170208-200x303-1.webp,La face cachée des Mollahs. Le livre noir de la République islamique d'Iran,Emmanuel Razavi,Cerf,,https://www.decitre.fr/livres/la-face-cachee-des-mollahs-9782204170208.html
False,Bestseller (Pag. 2),2026-03-29,https://products-images.di-static.com/image/camus-renaud-le-grand-remplacement/9782491446468-200x303-1.webp,Le grand remplacement. Introduction au remplacisme global,Renaud Camus,La Nouvelle Librairie,,https://www.decitre.fr/livres/le-grand-remplacement-9782491446468.html
False,Bestseller (Pag. 2),2026-03-29,https://products-images.di-static.com/image/lecoq-titiou-nos-amours-modernes/9782378805746-200x303-1.webp,Nos amours modernes,Titiou Lecoq,Iconoclaste (l'),,https://www.decitre.fr/livres/nos-amours-modernes-9782378805746.html
False,Bestseller (Pag. 2),2026-03-29,https://products-images.di-static.com/image/calder-barnabas-architecture/9782080471680-200x303-1.webp,Architecture. Histoire de l'architecture en images,Barnabas Calder,Flammarion,,https://www.decitre.fr/livres/architecture-9782080471680.html
False,Bestseller (Pag. 2),2026-03-29,https://products-images.di-static.com/image/magal-marylou-enquete-sur-la-generation-bardella/9782073099129-200x303-1.webp,Enquête sur la génération Bardellaédition revue et augmentée,Marylou Magal,Folio,,https://www.decitre.fr/livres/enquete-sur-la-generation-bardella-9782073099129.html
False,Bestseller (Pag. 2),2026-03-29,https://products-images.di-static.com/image/aladjidi-virginie-ma-petite-histoire-de-paques/9782017894070-200x303-1.webp,Ma petite histoire de Pâques,Virginie Aladjidi,Deux Coqs d'or,,https://www.decitre.fr/livres/ma-petite-histoire-de-paques-9782017894070.html
False,Bestseller (Pag. 2),2026-03-29,https://products-images.di-static.com/image/capron-tania-l-encyclopedie-des-personnages-disney/9782017894698-200x303-1.webp,L'encyclopédie des personnages Disneyédition revue et augmentée,Tania Capron,Hachette Heroes,,https://www.decitre.fr/livres/l-encyclopedie-des-personnages-disney-9782017894698.html
False,Bestseller (Pag. 2),2026-03-29,https://products-images.di-static.com/image/ernaux-annie-l-occupation/9782073129192-200x303-1.webp,L'occupation,Annie Ernaux,Folio,,https://www.decitre.fr/livres/l-occupation-9782073129192.html
False,Bestseller (Pag. 2),2026-03-29,https://products-images.di-static.com/image/thiefaine-hubert-felix-itineraire-d-un-naufrage/9782757895078-200x303-1.webp,Itinéraire d'un naufragé. L'intégrale des chansons,Hubert-Félix Thiéfaine,Points,,https://www.decitre.fr/livres/itineraire-d-un-naufrage-9782757895078.html
False,Bestseller (Pag. 2),2026-03-29,https://products-images.di-static.com/image/jacquemi-jean-michel-ne-leur-pardonnez-pas-ils-savent-tres-bien-ce-qu-ils-font/9782918470601-200x303-1.webp,"Ne leur pardonnez pas ! Ils savent très bien ce qu'ils font.... Tome 3, L'empire du mensonge",Jean-Michel Jacquemi,Nouvelle Terre (Editions),,https://www.decitre.fr/livres/ne-leur-pardonnez-pas-ils-savent-tres-bien-ce-qu-ils-font-9782918470601.html
False,Bestseller (Pag. 2),2026-03-29,https://products-images.di-static.com/image/tomasella-saverio-l-hypersensibilite-pour-les-nuls/9782412097311-200x303-1.webp,L'Hypersensibilité pour les Nuls2e édition,Saverio Tomasella,First,,https://www.decitre.fr/livres/l-hypersensibilite-pour-les-nuls-9782412097311.html
False,Bestseller (Pag. 2),2026-03-29,https://products-images.di-static.com/image/viglasky-robert-peaky-blinders/9791029511141-200x303-1.webp,Peaky Blinders. Le livre officiel,Robert Viglasky,L'Imprévu (Editions de),,https://www.decitre.fr/livres/peaky-blinders-9791029511141.html
False,Bestseller (Pag. 2),2026-03-29,https://products-images.di-static.com/image/ceylac-catherine-intime/9782749185743-200x303-1.webp,Intime,Catherine Ceylac,Le Cherche Midi,,https://www.decitre.fr/livres/intime-9782749185743.html
False,Bestseller (Pag. 2),2026-03-29,https://products-images.di-static.com/image/le-gallou-jean-yves-memoires-identitaires/9782372712774-200x303-1.webp,Mémoires identitaires. 1968-2025 : Les dessous du Grand Basculement,Jean-Yves Le Gallou,Via Romana,N/D,https://www.decitre.fr/livres/memoires-identitaires-9782372712774.html
False,Bestseller (Pag. 2),2026-03-29,https://products-images.di-static.com/image/penrose-antony-lee-miller/9791095821595-200x303-1.webp,Lee Miller. Photographies,Antony Penrose,Delpire,,https://www.decitre.fr/livres/lee-miller-9791095821595.html
False,Bestseller (Pag. 2),2026-03-29,https://products-images.di-static.com/image/brel-jacques-jacques-brel-chanteur/9782960040043-200x303-1.webp,Jacques Brel chanteur. L'intégrale de ses chansons,Jacques Brel,Jacques Brel Editions,,https://www.decitre.fr/livres/jacques-brel-chanteur-9782960040043.html
False,Bestseller (Pag. 2),2026-03-29,https://products-images.di-static.com/image/lam-kuroyama-kathy-c-est-la-vie-l-art-de-kathy-lam/9782356394286-200x303-1.webp,C'est la vie !. L'art de Kathy Lam,Kuroyama Kathy Lam,Elytis,,https://www.decitre.fr/livres/c-est-la-vie-l-art-de-kathy-lam-9782356394286.html
False,Bestseller (Pag. 2),2026-03-29,https://products-images.di-static.com/image/gogo-paul-moscou-parano/9782268112961-200x303-1.webp,Moscou Parano. La Russie de Poutine mise à nue,Paul Gogo,Rocher (Editions du),,https://www.decitre.fr/livres/moscou-parano-9782268112961.html
False,Bestseller (Pag. 3),2026-03-29,https://products-images.di-static.com/image/dury-josh-photo-de-nuit/9782416023224-200x303-1.webp,Photo de nuit,Josh Dury,Eyrolles,,https://www.decitre.fr/livres/photo-de-nuit-9782416023224.html
False,Bestseller (Pag. 3),2026-03-29,https://products-images.di-static.com/image/voragine-jacques-de-la-legende-doree-illustree-par-les-peintres-de-la-renaissance-italienne/9782364371132-200x303-1.webp,La légende dorée illustrée par les peintres de la Renaissance italienne,Jacques de Voragine,Diane de Selliers,,https://www.decitre.fr/livres/la-legende-doree-illustree-par-les-peintres-de-la-renaissance-italienne-9782364371132.html
False,Bestseller (Pag. 3),2026-03-29,https://products-images.di-static.com/image/berne-olivier-le-moment-orwellien/9782021617214-200x303-1.webp,Le moment orwellien. La science face aux nouveaux obscurantismes,Olivier Berné,Seuil,,https://www.decitre.fr/livres/le-moment-orwellien-9782021617214.html
False,Bestseller (Pag. 3),2026-03-29,https://products-images.di-static.com/image/chanson-vincent-techno-co/9782354803179-200x303-1.webp,Techno & co. Chroniques de la scène dance électronique,Vincent Chanson,Amsterdam Editions,N/D,https://www.decitre.fr/livres/techno-co-9782354803179.html
False,Bestseller (Pag. 3),2026-03-29,https://products-images.di-static.com/image/hardemare-paul-adrien-d--je-crois-en-dieu-pour-les-collegiens/9782728935857-200x303-1.webp,Je crois en dieu pour les collégiens. Connaître la foi chrétienne,Paul-Adrien d' Hardemare,Mame,,https://www.decitre.fr/livres/je-crois-en-dieu-pour-les-collegiens-9782728935857.html
False,Bestseller (Pag. 3),2026-03-29,https://products-images.di-static.com/image/kiecol-daniel-la-peinture-russe/9782809921861-200x303-1.webp,La peinture russe. 1800-1945,Daniel Kiecol,Place des Victoires,,https://www.decitre.fr/livres/la-peinture-russe-9782809921861.html
False,Bestseller (Pag. 3),2026-03-29,https://products-images.di-static.com/image/fenech-georges-ne-dites-pas-a-ma-mere-que-je-suis-chroniqueur-sur-cnews-elle-me-croit-toujours-a-hazebrouck/9782213731827-200x303-1.webp,"Ne dites pas à ma mère que je suis chroniqueur sur CNews, elle me croit toujours à Hazebrouck",Georges Fenech,Fayard,,https://www.decitre.fr/livres/ne-dites-pas-a-ma-mere-que-je-suis-chroniqueur-sur-cnews-elle-me-croit-toujours-a-hazebrouck-9782213731827.html
False,Bestseller (Pag. 3),2026-03-29,https://products-images.di-static.com/image/jacquemin-raffestin-jean-michel-ne-leur-pardonnez-pas-volume-2-ils-savent-tres-bien-ce-qu-ils-font-depuis-tres-longtemps/9782918470564-200x303-1.webp,"Ne leur pardonnez pas !. Volume 2, Ils savent très bien ce qu'ils font depuis très longtemps !",Jean-Michel Jacquemin-Raffestin,Nouvelle Terre (Editions),,https://www.decitre.fr/livres/ne-leur-pardonnez-pas-volume-2-ils-savent-tres-bien-ce-qu-ils-font-depuis-tres-longtemps-9782918470564.html
False,Bestseller (Pag. 3),2026-03-29,https://products-images.di-static.com/image/vinci-leonard-de-carnets/9782072844867-200x303-1.webp,Carnets,Léonard de Vinci,Gallimard,,https://www.decitre.fr/livres/carnets-9782072844867.html
False,Bestseller (Pag. 3),2026-03-29,https://products-images.di-static.com/image/bilheran-ariane-soyez-solaire-et-liberez-vous-des-personnalites-toxiques/9782228925853-200x303-1.webp,Soyez solaire !. Et libérez-vous des personnalités toxiques,Ariane Bilheran,Payot,,https://www.decitre.fr/livres/soyez-solaire-et-liberez-vous-des-personnalites-toxiques-9782228925853.html
False,Bestseller (Pag. 3),2026-03-29,https://products-images.di-static.com/image/bloch-dano-evelyne-le-parfum-des-annees/9782234098336-200x303-1.webp,Le parfum des années,Evelyne Bloch-Dano,Stock,,https://www.decitre.fr/livres/le-parfum-des-annees-9782234098336.html
False,Bestseller (Pag. 3),2026-03-29,https://products-images.di-static.com/image/facchini-francois-quelle-fiscalite-pour-demain-decrypter-les-enjeux-des-futures-reformes/9782807372832-200x303-1.webp,Quelle fiscalité pour demain ?. Décrypter les enjeux des futures réformes,François Facchini,De Boeck supérieur,,https://www.decitre.fr/livres/quelle-fiscalite-pour-demain-decrypter-les-enjeux-des-futures-reformes-9782807372832.html
False,Bestseller (Pag. 3),2026-03-29,https://products-images.di-static.com/image/sempey-florian-de-vive-voix/9782080464217-200x303-1.webp,De vive voix,Florian Sempey,Arthaud,,https://www.decitre.fr/livres/de-vive-voix-9782080464217.html
False,Novità,2026-04-18,,Fantômes de la révolution noire. Une histoire culturelle transatlantique,N/D,N/D,This website uses a security service to protect against malicious bots. This page is displayed while the website verifies you are not a bot.,https://www.decitre.fr/livres/fantomes-de-la-revolution-noire-9782959005565.html
False,Novità,2026-04-18,,"Earth, Wind & Fire",N/D,N/D,This website uses a security service to protect against malicious bots. This page is displayed while the website verifies you are not a bot.,https://www.decitre.fr/livres/earth-wind-fire-9782384317103.html
False,Novità,2026-04-18,,Oasis. Les derniers rois d'Angleterre,N/D,N/D,This website uses a security service to protect against malicious bots. This page is displayed while the website verifies you are not a bot.,https://www.decitre.fr/livres/oasis-9782384318377.html
False,Novità,2026-04-18,,Funk!. Une sélection en 100 albums,N/D,N/D,This website uses a security service to protect against malicious bots. This page is displayed while the website verifies you are not a bot.,https://www.decitre.fr/livres/funk-une-selection-en-100-albums-9782384318476.html
False,Novità,2026-04-18,,Black Sabbath. Children of the grave,N/D,N/D,This website uses a security service to protect against malicious bots. This page is displayed while the website verifies you are not a bot.,https://www.decitre.fr/livres/black-sabbath-9782384318629.html
False,Novità,2026-04-18,,Défier le récit des puissantsédition revue et corrigée,N/D,N/D,This website uses a security service to protect against malicious bots. This page is displayed while the website verifies you are not a bot.,https://www.decitre.fr/livres/defier-le-recit-des-puissants-9782374255835.html
False,Novità,2026-04-18,,"En finir avec le déni. Gaza, chaos climatique, finance prédatrice et masculinité toxique",N/D,N/D,This website uses a security service to protect against malicious bots. This page is displayed while the website verifies you are not a bot.,https://www.decitre.fr/livres/en-finir-avec-le-deni-9782381911502.html
False,Novità,2026-04-18,,Les morts cachés de la République. Enquête sur nos déserts médicaux,N/D,N/D,This website uses a security service to protect against malicious bots. This page is displayed while the website verifies you are not a bot.,https://www.decitre.fr/livres/les-morts-caches-de-la-republique-9791032932629.html
False,Novità,2026-04-18,,Le pain des anges,N/D,N/D,This website uses a security service to protect against malicious bots. This page is displayed while the website verifies you are not a bot.,https://www.decitre.fr/livres/le-pain-des-anges-9782070105588.html
False,Novità,2026-04-18,,"Le chaos qui vient. Elites, contre-élites, et la voie de la désintégration politique",N/D,N/D,This website uses a security service to protect against malicious bots. This page is displayed while the website verifies you are not a bot.,https://www.decitre.fr/livres/le-chaos-qui-vient-9782262114299.html
False,Novità,2026-04-18,,Mary Cassatt. Une Américaine au coeur de l'impressionnisme,N/D,N/D,This website uses a security service to protect against malicious bots. This page is displayed while the website verifies you are not a bot.,https://www.decitre.fr/livres/mary-cassatt-9782213734279.html
False,Novità,2026-04-18,,Touché,N/D,N/D,This website uses a security service to protect against malicious bots. This page is displayed while the website verifies you are not a bot.,https://www.decitre.fr/livres/touche-9782246846048.html
False,Novità,2026-04-18,,Sur le chemin des cathédrales,N/D,N/D,This website uses a security service to protect against malicious bots. This page is displayed while the website verifies you are not a bot.,https://www.decitre.fr/livres/sur-le-chemin-des-cathedrales-9782385061678.html
False,Novità,2026-04-18,,TXT : Tomorrow x Together. La story,N/D,N/D,This website uses a security service to protect against malicious bots. This page is displayed while the website verifies you are not a bot.,https://www.decitre.fr/livres/txt-tomorrow-x-together-9782487640207.html
False,Novità,2026-04-18,,Calder. Rêver en équilibre,N/D,N/D,This website uses a security service to protect against malicious bots. This page is displayed while the website verifies you are not a bot.,https://www.decitre.fr/livres/calder-9782487762923.html
False,Novità,2026-04-18,,Géopolitique d'un conclave. Elire un pape quand les empires reviennent,N/D,N/D,This website uses a security service to protect against malicious bots. This page is displayed while the website verifies you are not a bot.,https://www.decitre.fr/livres/geopolitique-d-un-conclave-9782227503625.html
False,Novità,2026-04-18,,"Démographie, la bombe tranquille. Pourquoi tout va changer et comment nous y préparer",N/D,N/D,This website uses a security service to protect against malicious bots. This page is displayed while the website verifies you are not a bot.,https://www.decitre.fr/livres/demographie-la-bombe-tranquille-9782268113074.html
False,Novità,2026-04-18,,Le dernier choix,N/D,N/D,This website uses a security service to protect against malicious bots. This page is displayed while the website verifies you are not a bot.,https://www.decitre.fr/livres/le-dernier-choix-9791032936764.html
False,Novità,2026-04-18,,Imposture. Identifier les usurpateurs du débat public au temps des Algorithmes,N/D,N/D,This website uses a security service to protect against malicious bots. This page is displayed while the website verifies you are not a bot.,https://www.decitre.fr/livres/imposture-9791032938874.html
False,Novità,2026-04-18,,La musique est (aussi) une affaire de femmes. L'hommage d'une musicienne hors norme à toutes celles qui l'ont inspirée,N/D,N/D,This website uses a security service to protect against malicious bots. This page is displayed while the website verifies you are not a bot.,https://www.decitre.fr/livres/la-musique-est-aussi-une-affaire-de-femmes-9791028536862.html
False,Novità,2026-04-18,,Le missel des enfants,N/D,N/D,This website uses a security service to protect against malicious bots. This page is displayed while the website verifies you are not a bot.,https://www.decitre.fr/livres/le-missel-des-enfants-9782728938179.html
False,Novità,2026-04-18,,Mon premier livre des saints animé,N/D,N/D,This website uses a security service to protect against malicious bots. This page is displayed while the website verifies you are not a bot.,https://www.decitre.fr/livres/mon-premier-livre-des-saints-anime-9782728938230.html
False,Novità,2026-04-18,,"Trésors de mon baptême. Enigmes, jeux, enquêtes",N/D,N/D,This website uses a security service to protect against malicious bots. This page is displayed while the website verifies you are not a bot.,https://www.decitre.fr/livres/tresors-de-mon-bapteme-9782728938254.html
False,Novità,2026-04-18,,Les belles histoires de la Bible pour les petits,N/D,N/D,This website uses a security service to protect against malicious bots. This page is displayed while the website verifies you are not a bot.,https://www.decitre.fr/livres/les-belles-histoires-de-la-bible-pour-les-petits-9782728938377.html
False,Novità,2026-04-18,,"De la première à la dernière oeuvre. De Vinci à Johnny, 30 portraits insolites",N/D,N/D,This website uses a security service to protect against malicious bots. This page is displayed while the website verifies you are not a bot.,https://www.decitre.fr/livres/de-la-premiere-a-la-derniere-oeuvre-9782749961507.html
False,Novità,2026-04-18,,Que faire de nos élites politiques ?,N/D,N/D,This website uses a security service to protect against malicious bots. This page is displayed while the website verifies you are not a bot.,https://www.decitre.fr/livres/que-faire-de-nos-elites-politiques-9782259324632.html
False,Novità,2026-04-18,,La France est-elle un pays communiste ?,N/D,N/D,This website uses a security service to protect against malicious bots. This page is displayed while the website verifies you are not a bot.,https://www.decitre.fr/livres/la-france-est-elle-un-pays-communiste-9782259325103.html
False,Novità,2026-04-18,,Quand les populistes trahissent le peuple,N/D,N/D,This website uses a security service to protect against malicious bots. This page is displayed while the website verifies you are not a bot.,https://www.decitre.fr/livres/quand-les-populistes-trahissent-le-peuple-9782259325127.html
False,Novità,2026-04-18,,L'heure des crocs. De CNews et du délit d'opinion,N/D,N/D,This website uses a security service to protect against malicious bots. This page is displayed while the website verifies you are not a bot.,https://www.decitre.fr/livres/l-heure-des-crocs-9782809854343.html
False,Novità,2026-04-18,,Ce temps où nous mourons de ne pas vivre,N/D,N/D,This website uses a security service to protect against malicious bots. This page is displayed while the website verifies you are not a bot.,https://www.decitre.fr/livres/ce-temps-ou-nous-mourons-de-ne-pas-vivre-9782259324519.html
False,Novità,2026-04-18,,Respect,N/D,N/D,This website uses a security service to protect against malicious bots. This page is displayed while the website verifies you are not a bot.,https://www.decitre.fr/livres/respect-9782266357074.html
False,Novità,2026-04-18,,Mon premier petit livre sur la mort,N/D,N/D,This website uses a security service to protect against malicious bots. This page is displayed while the website verifies you are not a bot.,https://www.decitre.fr/livres/mon-premier-petit-livre-sur-la-mort-9791036385223.html
False,Novità,2026-04-18,,Quelqu'un que tu aimais est mort,N/D,N/D,This website uses a security service to protect against malicious bots. This page is displayed while the website verifies you are not a bot.,https://www.decitre.fr/livres/quelqu-un-que-tu-aimais-est-mort-9791036394126.html
False,Novità,2026-04-18,,Mon premier imagier des animaux de la Bible,N/D,N/D,This website uses a security service to protect against malicious bots. This page is displayed while the website verifies you are not a bot.,https://www.decitre.fr/livres/mon-premier-imagier-des-animaux-de-la-bible-9782357704169.html
False,Novità,2026-04-18,,La Bible racontée aux enfants,N/D,N/D,This website uses a security service to protect against malicious bots. This page is displayed while the website verifies you are not a bot.,https://www.decitre.fr/livres/la-bible-racontee-aux-enfants-9782017894094.html
False,Novità,2026-04-18,,Fanatisé. Une enfance dans une secte d'extrême droite,N/D,N/D,This website uses a security service to protect against malicious bots. This page is displayed while the website verifies you are not a bot.,https://www.decitre.fr/livres/fanatise-9782207184585.html
True,Novità,2026-04-19,,"Ça veut dire quoi, croire en Dieu ?. Les grandes questions de la vie éclairées par un regard chrétien",N/D,N/D,This website uses a security service to protect against malicious bots. This page is displayed while the website verifies you are not a bot.,https://www.decitre.fr/livres/ca-veut-dire-quoi-croire-en-dieu-les-grandes-questions-de-la-vie-eclairees-par-un-regard-chretien-9791036382871.html
